Workbook

Sheet Summary
A1: Raymarcher version comparison
A2: NVIDIA GeForce RTX 4070 Laptop GPU, 1280x720, volume 512x512x512 over -30..30, 256 max steps. Runs: Benchmark_common_20261028-122402, Benchmark_full_20261028-122436, Terrain_test_20261028-122513
A4: Version | B4: Source commit | C4: Raymarch avg (ms) | F4: Bake (ms) | I4: VRAM while rendering (MiB)
C5: Common | D5: Full | E5: Terrain | F5: Common | G5: Full | H5: Terrain | I5: Common | J5: Full | K5: Terrain
A6: v0-direct | B6: 0bdbf15 | C6: =IF(Common!G6="","",Common!G6) -> 3.376815 | D6: =IF(Full!G6="","",Full!G6) -> 3.1028973 | E6: =IF(Terrain!E6="","",Terrain!E6) | F6: =IF(Common!I6="","",Common!I6) | G6: =IF(Full!I6="","",Full!I6) | H6: =IF(Terrain!G6="","",Terrain!G6) | I6: =IF(Common!K6="","",Common!K6) -> -18.3125 | J6: =IF(Full!K6="","",Full!K6) -> 0.125 | K6: =IF(Terrain!I6="","",Terrain!I6)
A7: v1-dense-raster | B7: 20aca78 | C7: =IF(Common!G7="","",Common!G7) -> 0.33471733 | D7: =IF(Full!G7="","",Full!G7) -> 0.33386633 | E7: =IF(Terrain!E7="","",Terrain!E7) | F7: =IF(Common!I7="","",Common!I7) -> 17.496678 | G7: =IF(Full!I7="","",Full!I7) -> 16.473395 | H7: =IF(Terrain!G7="","",Terrain!G7) | I7: =IF(Common!K7="","",Common!K7) -> 258 | J7: =IF(Full!K7="","",Full!K7) -> 258 | K7: =IF(Terrain!I7="","",Terrain!I7)
A8: v2-dense-jfa | B8: ef5bc68 | C8: =IF(Common!G8="","",Common!G8) -> 0.28533533 | D8: =IF(Full!G8="","",Full!G8) -> 0.27190733 | E8: =IF(Terrain!E8="","",Terrain!E8) -> 0.216163 | F8: =IF(Common!I8="","",Common!I8) -> 203.23533 | G8: =IF(Full!I8="","",Full!I8) -> 204.9706 | H8: =IF(Terrain!G8="","",Terrain!G8) -> 229.25742 | I8: =IF(Common!K8="","",Common!K8) -> 2464.125 | J8: =IF(Full!K8="","",Full!K8) -> 2493.25 | K8: =IF(Terrain!I8="","",Terrain!I8) -> 2477.5625
A9: v3-sparse | B9: ea5db90 | C9: =IF(Common!G9="","",Common!G9) -> 1.2898633 | D9: =IF(Full!G9="","",Full!G9) -> 1.344106 | E9: =IF(Terrain!E9="","",Terrain!E9) -> 1.030407 | F9: =IF(Common!I9="","",Common!I9) -> 278.01815 | G9: =IF(Full!I9="","",Full!I9) -> 278.90534 | H9: =IF(Terrain!G9="","",Terrain!G9) -> 295.8636 | I9: =IF(Common!K9="","",Common!K9) -> 104.375 | J9: =IF(Full!K9="","",Full!K9) -> 98.1875 | K9: =IF(Terrain!I9="","",Terrain!I9) -> 100.5625
A10: v4-analytic | B10: db80f3d | C10: =IF(Common!G10="","",Common!G10) -> 1.643784 | D10: =IF(Full!G10="","",Full!G10) -> 1.63082 | E10: =IF(Terrain!E10="","",Terrain!E10) -> 1.655415 | F10: =IF(Common!I10="","",Common!I10) -> 272.593 | G10: =IF(Full!I10="","",Full!I10) -> 272.77885 | H10: =IF(Terrain!G10="","",Terrain!G10) -> 298.73838 | I10: =IF(Common!K10="","",Common!K10) -> 79.125 | J10: =IF(Full!K10="","",Full!K10) -> 68.5625 | K10: =IF(Terrain!I10="","",Terrain!I10) -> 69.375
A11: v5-sparse-color | B11: 8b11928 | C11: =IF(Common!G11="","",Common!G11) -> 1.38226 | D11: =IF(Full!G11="","",Full!G11) -> 1.390105 | E11: =IF(Terrain!E11="","",Terrain!E11) -> 1.090789 | F11: =IF(Common!I11="","",Common!I11) -> 283.49706 | G11: =IF(Full!I11="","",Full!I11) -> 281.85477 | H11: =IF(Terrain!G11="","",Terrain!G11) -> 308.85263 | I11: =IF(Common!K11="","",Common!K11) -> 116.125 | J11: =IF(Full!K11="","",Full!K11) -> 131.125 | K11: =IF(Terrain!I11="","",Terrain!I11) -> 156.17188
A12: v6-dynamic-sparse | B12: 3ad342e | C12: =IF(Common!G12="","",Common!G12) -> 1.3875803 | D12: =IF(Full!G12="","",Full!G12) -> 1.4533917 | E12: =IF(Terrain!E12="","",Terrain!E12) -> 1.124427 | F12: =IF(Common!I12="","",Common!I12) -> 72.375398 | G12: =IF(Full!I12="","",Full!I12) -> 63.250432 | H12: =IF(Terrain!G12="","",Terrain!G12) -> 237.11283 | I12: =IF(Common!K12="","",Common!K12) -> 259.0625 | J12: =IF(Full!K12="","",Full!K12) -> 257.90234 | K12: =IF(Terrain!I12="","",Terrain!I12) -> 285
A13: v7-materials | B13: current | C13: =IF(Common!G13="","",Common!G13) -> 1.7173993 | D13: =IF(Full!G13="","",Full!G13) -> 1.8099847 | E13: =IF(Terrain!E13="","",Terrain!E13) -> 0.456817 | F13: =IF(Common!I13="","",Common!I13) -> 86.873395 | G13: =IF(Full!I13="","",Full!I13) -> 78.933914 | H13: =IF(Terrain!G13="","",Terrain!G13) -> 308.18417 | I13: =IF(Common!K13="","",Common!K13) -> 904.375 | J13: =IF(Full!K13="","",Full!K13) -> 946.3125 | K13: =IF(Terrain!I13="","",Terrain!I13) -> 885.875
A15: Notes
A16: Green cells link to the per-scene sheets (Common, Full, Terrain), which look the values up in Raw Data. Blank = not measured: v0 has no bake, and v0/v1 cannot render terrain so they are skipped on Terrain_test.
A17: Times are GPU timestamps around the raymarch pass only (per-frame dynamic re-baking of v6/v7 is outside it) and around Bake; values are means over all measured frames of all camera views. Periodic spikes that hit every version alike (see the frames sheets) are included in the means.
A18: VRAM is the GL_NVX_gpu_memory_info used-memory delta against a reading taken with no raymarcher loaded. It is GPU-wide, so expect roughly +-25 MiB of noise (v0 even reads slightly negative). Each version keeps its own default brick pool size: v7's default pool is 64^3 slots vs 32^3 for v3-v6, probably most of its extra memory.
A19: Only v7 shades raymarched objects with materials and the scene's lights; older versions render the same geometry in flat colors. Rasterized meshes and lights are drawn identically for every version.
A20: Terrain differs per version: v6 uses the Perlin noise fix and v7 the terraced-mesa terrain, so Terrain numbers compare techniques on different terrain shapes.

Sheet Raw Data
A1: Key | B1: Scene | C1: Version | D1: Metric | E1: Samples | F1: Min | G1: Max | H1: Mean | I1: Median | J1: StdDev
A2: Benchmark_common | v0-direct | Raymarch @pose0 (ms) | B2: Benchmark_common | C2: v0-direct | D2: Raymarch @pose0 (ms) | E2: 300 | F2: 2.532352 | G2: 4.944896 | H2: 2.953332 | I2: 2.722816 | J2: 0.583596
A3: Benchmark_common | v0-direct | VRAM during render delta (MiB) | B3: Benchmark_common | C3: v0-direct | D3: VRAM during render delta (MiB) | E3: 1 | F3: -18.3125 | G3: -18.3125 | H3: -18.3125 | I3: -18.3125 | J3: 0
A4: Benchmark_common | v0-direct | Raymarch @pose1 (ms) | B4: Benchmark_common | C4: v0-direct | D4: Raymarch @pose1 (ms) | E4: 300 | F4: 2.446336 | G4: 13.758464 | H4: 2.918847 | I4: 2.634752 | J4: 0.882382
A5: Benchmark_common | v0-direct | Raymarch @pose2 (ms) | B5: Benchmark_common | C5: v0-direct | D5: Raymarch @pose2 (ms) | E5: 300 | F5: 3.575808 | G5: 16.937984 | H5: 4.258266 | I5: 3.810816 | J5: 1.052922
A6: Benchmark_common | v1-dense-raster | Bake (ms) | B6: Benchmark_common | C6: v1-dense-raster | D6: Bake (ms) | E6: 10 | F6: 16.2048 | G6: 18.33472 | H6: 17.496678 | I6: 17.67424 | J6: 0.629054
A7: Benchmark_common | v1-dense-raster | VRAM after bake delta (MiB) | B7: Benchmark_common | C7: v1-dense-raster | D7: VRAM after bake delta (MiB) | E7: 1 | F7: 258 | G7: 258 | H7: 258 | I7: 258 | J7: 0
A8: Benchmark_common | v1-dense-raster | Raymarch @pose0 (ms) | B8: Benchmark_common | C8: v1-dense-raster | D8: Raymarch @pose0 (ms) | E8: 300 | F8: 0.260096 | G8: 1.99168 | H8: 0.310678 | I8: 0.272384 | J8: 0.220757
A9: Benchmark_common | v1-dense-raster | VRAM during render delta (MiB) | B9: Benchmark_common | C9: v1-dense-raster | D9: VRAM during render delta (MiB) | E9: 1 | F9: 258 | G9: 258 | H9: 258 | I9: 258 | J9: 0
A10: Benchmark_common | v1-dense-raster | Raymarch @pose1 (ms) | B10: Benchmark_common | C10: v1-dense-raster | D10: Raymarch @pose1 (ms) | E10: 300 | F10: 0.274432 | G10: 2.121728 | H10: 0.337555 | I10: 0.287744 | J10: 0.253394
A11: Benchmark_common | v1-dense-raster | Raymarch @pose2 (ms) | B11: Benchmark_common | C11: v1-dense-raster | D11: Raymarch @pose2 (ms) | E11: 300 | F11: 0.319488 | G11: 2.045952 | H11: 0.355919 | I11: 0.331776 | J11: 0.149874
A12: Benchmark_common | v2-dense-jfa | Bake (ms) | B12: Benchmark_common | C12: v2-dense-jfa | D12: Bake (ms) | E12: 10 | F12: 200.43674 | G12: 208.37786 | H12: 203.23533 | I12: 202.46323 | J12: 2.695881
A13: Benchmark_common | v2-dense-jfa | VRAM after bake delta (MiB) | B13: Benchmark_common | C13: v2-dense-jfa | D13: VRAM after bake delta (MiB) | E13: 1 | F13: 2592.125 | G13: 2592.125 | H13: 2592.125 | I13: 2592.125 | J13: 0
... A117: Terrain_test | v7-materials | VRAM during render delta (MiB) | B117: Terrain_test | C117: v7-materials | D117: VRAM during render delta (MiB) | E117: 1 | F117: 885.875 | G117: 885.875 | H117: 885.875 | I117: 885.875 | J117: 0
A119: Source: results.csv of each run in Assets/Data/comparison/ on the benchmarks branch. Times in ms, VRAM in MiB. Key = scene | series name, used by the lookups on the other sheets.

Sheet Common
A1: Benchmark_common: every primitive type in flat colors, one sun
A2: Run Benchmark_common_20261028-122402 (engine commit ee6ca7a), 1280x720, NVIDIA GeForce RTX 4070 Laptop GPU, 120 warmup + 300 measured frames per view, 10 bakes per version
A5: Version | B5: Technique | C5: Source commit | D5: Raymarch view 0 (ms) | E5: Raymarch view 1 (ms) | F5: Raymarch view 2 (ms) | G5: Raymarch avg (ms) | H5: Speedup vs v0-direct | I5: Bake (ms) | J5: VRAM after bake (MiB) | K5: VRAM while rendering (MiB)
A6: v0-direct | B6: No cache: evaluates every primitive per pixel per step | C6: 0bdbf15 | D6: =IFERROR(INDEX('Raw Data'!$H:$H,MATCH("Benchmark_common | "&$A6&" | Raymarch @pose0 (ms)",'Raw Data'!$A:$A,0)),"") -> 2.953332 | E6: =IFERROR(INDEX('Raw Data'!$H:$H,MATCH("Benchmark_common | "&$A6&" | Raymarch @pose1 (ms)",'Raw Data'!$A:$A,0)),"") -> 2.918847 | F6: =IFERROR(INDEX('Raw Data'!$H:$H,MATCH("Benchmark_common | "&$A6&" | Raymarch @pose2 (ms)",'Raw Data'!$A:$A,0)),"") -> 4.258266 | G6: =IF(COUNT(D6:F6)=0,"",AVERAGE(D6:F6)) -> 3.376815 | H6: =IFERROR($G$6/G6,"") -> 1 | I6: =IFERROR(INDEX('Raw Data'!$H:$H,MATCH("Benchmark_common | "&$A6&" | Bake (ms)",'Raw Data'!$A:$A,0)),"") | J6: =IFERROR(INDEX('Raw Data'!$H:$H,MATCH("Benchmark_common | "&$A6&" | VRAM after bake delta (MiB)",'Raw Data'!$A:$A,0)),"") | K6: =IFERROR(INDEX('Raw Data'!$H:$H,MATCH("Benchmark_common | "&$A6&" | VRAM during render delta (MiB)",'Raw Data'!$A:$A,0)),"") -> -18.3125
A7: v1-dense-raster | B7: Dense 3D texture baked slice by slice in a fragment shader | C7: 20aca78 | D7: =IFERROR(INDEX('Raw Data'!$H:$H,MATCH("Benchmark_common | "&$A7&" | Raymarch @pose0 (ms)",'Raw Data'!$A:$A,0)),"") -> 0.310678 | E7: =IFERROR(INDEX('Raw Data'!$H:$H,MATCH("Benchmark_common | "&$A7&" | Raymarch @pose1 (ms)",'Raw Data'!$A:$A,0)),"") -> 0.337555 | F7: =IFERROR(INDEX('Raw Data'!$H:$H,MATCH("Benchmark_common | "&$A7&" | Raymarch @pose2 (ms)",'Raw Data'!$A:$A,0)),"") -> 0.355919 | G7: =IF(COUNT(D7:F7)=0,"",AVERAGE(D7:F7)) -> 0.33471733 | H7: =IFERROR($G$6/G7,"") -> 10.088557 | I7: =IFERROR(INDEX('Raw Data'!$H:$H,MATCH("Benchmark_common | "&$A7&" | Bake (ms)",'Raw Data'!$A:$A,0)),"") -> 17.496678 | J7: =IFERROR(INDEX('Raw Data'!$H:$H,MATCH("Benchmark_common | "&$A7&" | VRAM after bake delta (MiB)",'Raw Data'!$A:$A,0)),"") -> 258 | K7: =IFERROR(INDEX('Raw Data'!$H:$H,MATCH("Benchmark_common | "&$A7&" | VRAM during render delta (MiB)",'Raw Data'!$A:$A,0)),"") -> 258
A8: v2-dense-jfa | B8: Dense 3D texture baked with jump flooding in compute shaders | C8: ef5bc68 | D8: =IFERROR(INDEX('Raw Data'!$H:$H,MATCH("Benchmark_common | "&$A8&" | Raymarch @pose0 (ms)",'Raw Data'!$A:$A,0)),"") -> 0.252942 | E8: =IFERROR(INDEX('Raw Data'!$H:$H,MATCH("Benchmark_common | "&$A8&" | Raymarch @pose1 (ms)",'Raw Data'!$A:$A,0)),"") -> 0.280296 | F8: =IFERROR(INDEX('Raw Data'!$H:$H,MATCH("Benchmark_common | "&$A8&" | Raymarch @pose2 (ms)",'Raw Data'!$A:$A,0)),"") -> 0.322768 | G8: =IF(COUNT(D8:F8)=0,"",AVERAGE(D8:F8)) -> 0.28533533 | H8: =IFERROR($G$6/G8,"") -> 11.834549 | I8: =IFERROR(INDEX('Raw Data'!$H:$H,MATCH("Benchmark_common | "&$A8&" | Bake (ms)",'Raw Data'!$A:$A,0)),"") -> 203.23533 | J8: =IFERROR(INDEX('Raw Data'!$H:$H,MATCH("Benchmark_common | "&$A8&" | VRAM after bake delta (MiB)",'Raw Data'!$A:$A,0)),"") -> 2592.125 | K8: =IFERROR(INDEX('Raw Data'!$H:$H,MATCH("Benchmark_common | "&$A8&" | VRAM during render delta (MiB)",'Raw Data'!$A:$A,0)),"") -> 2464.125
A9: v3-sparse | B9: Sparse brick pool, sphere tracing inside bricks | C9: ea5db90 | D9: =IFERROR(INDEX('Raw Data'!$H:$H,MATCH("Benchmark_common | "&$A9&" | Raymarch @pose0 (ms)",'Raw Data'!$A:$A,0)),"") -> 1.155297 | E9: =IFERROR(INDEX('Raw Data'!$H:$H,MATCH("Benchmark_common | "&$A9&" | Raymarch @pose1 (ms)",'Raw Data'!$A:$A,0)),"") -> 1.385568 | F9: =IFERROR(INDEX('Raw Data'!$H:$H,MATCH("Benchmark_common | "&$A9&" | Raymarch @pose2 (ms)",'Raw Data'!$A:$A,0)),"") -> 1.328725 | G9: =IF(COUNT(D9:F9)=0,"",AVERAGE(D9:F9)) -> 1.2898633 | H9: =IFERROR($G$6/G9,"") -> 2.6179634 | I9: =IFERROR(INDEX('Raw Data'!$H:$H,MATCH("Benchmark_common | "&$A9&" | Bake (ms)",'Raw Data'!$A:$A,0)),"") -> 278.01815 | J9: =IFERROR(INDEX('Raw Data'!$H:$H,MATCH("Benchmark_common | "&$A9&" | VRAM after bake delta (MiB)",'Raw Data'!$A:$A,0)),"") -> 247.375 | K9: =IFERROR(INDEX('Raw Data'!$H:$H,MATCH("Benchmark_common | "&$A9&" | VRAM during render delta (MiB)",'Raw Data'!$A:$A,0)),"") -> 104.375
A10: v4-analytic | B10: Sparse brick pool, analytic cubic intersection per voxel cell | C10: db80f3d | D10: =IFERROR(INDEX('Raw Data'!$H:$H,MATCH("Benchmark_common | "&$A10&" | Raymarch @pose0 (ms)",'Raw Data'!$A:$A,0)),"") -> 1.455749 | E10: =IFERROR(INDEX('Raw Data'!$H:$H,MATCH("Benchmark_common | "&$A10&" | Raymarch @pose1 (ms)",'Raw Data'!$A:$A,0)),"") -> 1.551722 | F10: =IFERROR(INDEX('Raw Data'!$H:$H,MATCH("Benchmark_common | "&$A10&" | Raymarch @pose2 (ms)",'Raw Data'!$A:$A,0)),"") -> 1.923881 | G10: =IF(COUNT(D10:F10)=0,"",AVERAGE(D10:F10)) -> 1.643784 | H10: =IFERROR($G$6/G10,"") -> 2.0542936 | I10: =IFERROR(INDEX('Raw Data'!$H:$H,MATCH("Benchmark_common | "&$A10&" | Bake (ms)",'Raw Data'!$A:$A,0)),"") -> 272.593 | J10: =IFERROR(INDEX('Raw Data'!$H:$H,MATCH("Benchmark_common | "&$A10&" | VRAM after bake delta (MiB)",'Raw Data'!$A:$A,0)),"") -> 207.125 | K10: =IFERROR(INDEX('Raw Data'!$H:$H,MATCH("Benchmark_common | "&$A10&" | VRAM during render delta (MiB)",'Raw Data'!$A:$A,0)),"") -> 79.125
A11: v5-sparse-color | B11: v3-sparse plus a primitive-id color lookup in the brick pool | C11: 8b11928 | D11: =IFERROR(INDEX('Raw Data'!$H:$H,MATCH("Benchmark_common | "&$A11&" | Raymarch @pose0 (ms)",'Raw Data'!$A:$A,0)),"") -> 1.260008 | E11: =IFERROR(INDEX('Raw Data'!$H:$H,MATCH("Benchmark_common | "&$A11&" | Raymarch @pose1 (ms)",'Raw Data'!$A:$A,0)),"") -> 1.435368 | F11: =IFERROR(INDEX('Raw Data'!$H:$H,MATCH("Benchmark_common | "&$A11&" | Raymarch @pose2 (ms)",'Raw Data'!$A:$A,0)),"") -> 1.451404 | G11: =IF(COUNT(D11:F11)=0,"",AVERAGE(D11:F11)) -> 1.38226 | H11: =IFERROR($G$6/G11,"") -> 2.4429666 | I11: =IFERROR(INDEX('Raw Data'!$H:$H,MATCH("Benchmark_common | "&$A11&" | Bake (ms)",'Raw Data'!$A:$A,0)),"") -> 283.49706 | J11: =IFERROR(INDEX('Raw Data'!$H:$H,MATCH("Benchmark_common | "&$A11&" | VRAM after bake delta (MiB)",'Raw Data'!$A:$A,0)),"") -> 387.125 | K11: =IFERROR(INDEX('Raw Data'!$H:$H,MATCH("Benchmark_common | "&$A11&" | VRAM during render delta (MiB)",'Raw Data'!$A:$A,0)),"") -> 116.125
A12: v6-dynamic-sparse | B12: Chunked sparse bake with per-frame dynamic re-baking of changed primitives | C12: 3ad342e | D12: =IFERROR(INDEX('Raw Data'!$H:$H,MATCH("Benchmark_common | "&$A12&" | Raymarch @pose0 (ms)",'Raw Data'!$A:$A,0)),"") -> 1.171494 | E12: =IFERROR(INDEX('Raw Data'!$H:$H,MATCH("Benchmark_common | "&$A12&" | Raymarch @pose1 (ms)",'Raw Data'!$A:$A,0)),"") -> 1.460466 | F12: =IFERROR(INDEX('Raw Data'!$H:$H,MATCH("Benchmark_common | "&$A12&" | Raymarch @pose2 (ms)",'Raw Data'!$A:$A,0)),"") -> 1.530781 | G12: =IF(COUNT(D12:F12)=0,"",AVERAGE(D12:F12)) -> 1.3875803 | H12: =IFERROR($G$6/G12,"") -> 2.4335996 | I12: =IFERROR(INDEX('Raw Data'!$H:$H,MATCH("Benchmark_common | "&$A12&" | Bake (ms)",'Raw Data'!$A:$A,0)),"") -> 72.375398 | J12: =IFERROR(INDEX('Raw Data'!$H:$H,MATCH("Benchmark_common | "&$A12&" | VRAM after bake delta (MiB)",'Raw Data'!$A:$A,0)),"") -> 354.1875 | K12: =IFERROR(INDEX('Raw Data'!$H:$H,MATCH("Benchmark_common | "&$A12&" | VRAM during render delta (MiB)",'Raw Data'!$A:$A,0)),"") -> 259.0625
A13: v7-materials | B13: v6 plus per-primitive materials (textures, surface shaders) lit by the scene's lights (current) | C13: current | D13: =IFERROR(INDEX('Raw Data'!$H:$H,MATCH("Benchmark_common | "&$A13&" | Raymarch @pose0 (ms)",'Raw Data'!$A:$A,0)),"") -> 1.518114 | E13: =IFERROR(INDEX('Raw Data'!$H:$H,MATCH("Benchmark_common | "&$A13&" | Raymarch @pose1 (ms)",'Raw Data'!$A:$A,0)),"") -> 1.829001 | F13: =IFERROR(INDEX('Raw Data'!$H:$H,MATCH("Benchmark_common | "&$A13&" | Raymarch @pose2 (ms)",'Raw Data'!$A:$A,0)),"") -> 1.805083 | G13: =IF(COUNT(D13:F13)=0,"",AVERAGE(D13:F13)) -> 1.7173993 | H13: =IFERROR($G$6/G13,"") -> 1.9662375 | I13: =IFERROR(INDEX('Raw Data'!$H:$H,MATCH("Benchmark_common | "&$A13&" | Bake (ms)",'Raw Data'!$A:$A,0)),"") -> 86.873395 | J13: =IFERROR(INDEX('Raw Data'!$H:$H,MATCH("Benchmark_common | "&$A13&" | VRAM after bake delta (MiB)",'Raw Data'!$A:$A,0)),"") -> 907.625 | K13: =IFERROR(INDEX('Raw Data'!$H:$H,MATCH("Benchmark_common | "&$A13&" | VRAM during render delta (MiB)",'Raw Data'!$A:$A,0)),"") -> 904.375

Sheet Common frames
A1: Benchmark_common: GPU time of the raymarch pass per measured frame (ms)
A3: Frame | B3: v0-direct view 0 | C3: v1-dense-raster view 0 | D3: v2-dense-jfa view 0 | E3: v3-sparse view 0 | F3: v4-analytic view 0 | G3: v5-sparse-color view 0 | H3: v6-dynamic-sparse view 0 | I3: v7-materials view 0 | J3: v0-direct view 1 | K3: v1-dense-raster view 1 | L3: v2-dense-jfa view 1 | M3: v3-sparse view 1 | N3: v4-analytic view 1 | O3: v5-sparse-color view 1 | P3: v6-dynamic-sparse view 1 | Q3: v7-materials view 1 | R3: v0-direct view 2 | S3: v1-dense-raster view 2 | T3: v2-dense-jfa view 2 | U3: v3-sparse view 2 | V3: v4-analytic view 2 | W3: v5-sparse-color view 2 | X3: v6-dynamic-sparse view 2 | Y3: v7-materials view 2
A4: 1 | B4: 2.650112 | C4: 0.267264 | D4: 0.227328 | E4: 1.38752 | F4: 1.302528 | G4: 1.086464 | H4: 1.087488 | I4: 3.208192 | J4: 2.555904 | K4: 0.288768 | L4: 0.234496 | M4: 1.23392 | N4: 1.866752 | O4: 1.308672 | P4: 1.313792 | Q4: 1.622016 | R4: 4.364288 | S4: 0.330752 | T4: 0.278528 | U4: 1.227776 | V4: 1.717248 | W4: 1.307648 | X4: 1.312768 | Y4: 1.610752
A5: 2 | B5: 3.147776 | C5: 0.264192 | D5: 0.224256 | E5: 1.014784 | F5: 1.787904 | G5: 1.082368 | H5: 1.087488 | I5: 1.375232 | J5: 2.522112 | K5: 0.28672 | L5: 0.241664 | M5: 1.232896 | N5: 1.308672 | O5: 1.306624 | P5: 1.312768 | Q5: 2.059264 | R5: 3.692544 | S5: 0.326656 | T5: 0.289792 | U5: 1.236992 | V5: 1.681408 | W5: 2.146304 | X5: 1.8688 | Y5: 1.622016
A6: 3 | B6: 2.605056 | C6: 0.263168 | D6: 0.22016 | E6: 1.01888 | F6: 1.312768 | G6: 1.083392 | H6: 1.089536 | I6: 1.371136 | J6: 2.555904 | K6: 0.289792 | L6: 0.239616 | M6: 1.23392 | N6: 1.343488 | O6: 1.77664 | P6: 1.311744 | Q6: 1.622016 | R6: 3.695616 | S6: 0.326656 | T6: 0.280576 | U6: 1.2288 | V6: 3.393536 | W6: 1.317888 | X6: 1.319936 | Y6: 1.615872
A7: 4 | B7: 4.337664 | C7: 0.267264 | D7: 0.22016 | E7: 1.016832 | F7: 1.301504 | G7: 1.084416 | H7: 1.08544 | I7: 1.379328 | J7: 2.656256 | K7: 0.28672 | L7: 0.232448 | M7: 1.23904 | N7: 1.317888 | O7: 1.31072 | P7: 1.31072 | Q7: 1.6128 | R7: 5.61152 | S7: 0.333824 | T7: 0.273408 | U7: 1.227776 | V7: 1.724416 | W7: 1.31584 | X7: 1.319936 | Y7: 1.613824
A8: 5 | B8: 2.625536 | C8: 0.274432 | D8: 0.217088 | E8: 1.015808 | F8: 1.307648 | G8: 1.08032 | H8: 1.09056 | I8: 1.37216 | J8: 2.572288 | K8: 0.290816 | L8: 0.243712 | M8: 1.23392 | N8: 1.37216 | O8: 1.306624 | P8: 1.314816 | Q8: 1.6128 | R8: 3.770368 | S8: 0.326656 | T8: 0.275456 | U8: 1.240064 | V8: 1.73568 | W8: 1.317888 | X8: 1.31584 | Y8: 3.400704
A9: 6 | B9: 3.257344 | C9: 0.287744 | D9: 0.219136 | E9: 2.794496 | F9: 3.044352 | G9: 1.081344 | H9: 1.09056 | I9: 1.36704 | J9: 2.70848 | K9: 0.292864 | L9: 0.237568 | M9: 1.23904 | N9: 3.032064 | O9: 1.307648 | P9: 1.324032 | Q9: 3.492864 | R9: 3.745792 | S9: 0.330752 | T9: 0.304128 | U9: 1.565696 | V9: 1.695744 | W9: 1.313792 | X9: 1.31072 | Y9: 1.616896
A10: 7 | B10: 2.671616 | C10: 0.288768 | D10: 0.22016 | E10: 1.01376 | F10: 1.31584 | G10: 1.082368 | H10: 1.083392 | I10: 1.36704 | J10: 2.629632 | K10: 0.289792 | L10: 0.244736 | M10: 1.65376 | N10: 1.358848 | O10: 1.308672 | P10: 1.319936 | Q10: 1.62304 | R10: 3.843072 | S10: 0.321536 | T10: 0.279552 | U10: 1.231872 | V10: 1.697792 | W10: 1.31584 | X10: 3.168256 | Y10: 2.059264
A11: 8 | B11: 2.760704 | C11: 0.70656 | D11: 0.22528 | E11: 1.521664 | F11: 1.3312 | G11: 1.093632 | H11: 1.483776 | I11: 1.371136 | J11: 3.244032 | K11: 0.285696 | L11: 0.237568 | M11: 1.23392 | N11: 1.350656 | O11: 1.311744 | P11: 1.314816 | Q11: 2.045952 | R11: 4.31616 | S11: 0.333824 | T11: 0.283648 | U11: 1.229824 | V11: 1.7152 | W11: 1.312768 | X11: 1.32096 | Y11: 1.615872
A12: 9 | B12: 2.799616 | C12: 0.280576 | D12: 0.22016 | E12: 1.015808 | F12: 1.323008 | G12: 1.08544 | H12: 1.088512 | I12: 3.262464 | J12: 2.646016 | K12: 0.290816 | L12: 2.057216 | M12: 1.236992 | N12: 1.840128 | O12: 1.314816 | P12: 1.312768 | Q12: 1.613824 | R12: 3.821568 | S12: 0.336896 | T12: 0.278528 | U12: 1.235968 | V12: 1.683456 | W12: 1.313792 | X12: 1.69472 | Y12: 1.620992
A13: 10 | B13: 2.81088 | C13: 0.269312 | D13: 0.217088 | E13: 1.014784 | F13: 1.339392 | G13: 1.581056 | H13: 1.086464 | I13: 1.3824 | J13: 2.916352 | K13: 0.3072 | L13: 0.270336 | M13: 1.232896 | N13: 1.328128 | O13: 1.31072 | P13: 1.312768 | Q13: 1.622016 | R13: 5.502976 | S13: 0.345088 | T13: 0.272384 | U13: 2.951168 | V13: 2.23744 | W13: 1.93024 | X13: 1.324032 | Y13: 1.619968
A14: 11 | B14: 3.139584 | C14: 0.274432 | D14: 0.223232 | E14: 1.010688 | F14: 1.309696 | G14: 1.088512 | H14: 1.087488 | I14: 1.37216 | J14: 2.920448 | K14: 0.279552 | L14: 0.241664 | M14: 1.229824 | N14: 1.352704 | O14: 1.3056 | P14: 1.31584 | Q14: 1.6128 | R14: 3.677184 | S14: 0.331776 | T14: 0.2816 | U14: 1.224704 | V14: 1.7408 | W14: 1.318912 | X14: 1.31584 | Y14: 1.620992
A15: 12 | B15: 2.722816 | C15: 0.27136 | D15: 0.22016 | E15: 1.010688 | F15: 1.312768 | G15: 1.088512 | H15: 1.086464 | I15: 1.36704 | J15: 2.479104 | K15: 0.314368 | L15: 0.243712 | M15: 1.2288 | N15: 1.332224 | O15: 2.139136 | P15: 1.313792 | Q15: 3.396608 | R15: 3.786752 | S15: 0.335872 | T15: 0.282624 | U15: 1.232896 | V15: 1.67936 | W15: 1.307648 | X15: 1.318912 | Y15: 1.614848
... A303: 300 | B303: 2.6624 | C303: 0.267264 | D303: 0.216064 | E303: 1.015808 | F303: 1.34144 | G303: 1.088512 | H303: 1.09568 | I303: 1.366016 | J303: 2.684928 | K303: 0.290816 | L303: 0.243712 | M303: 1.235968 | N303: 1.737728 | O303: 1.314816 | P303: 1.312768 | Q303: 3.506176 | R303: 3.953664 | S303: 0.330752 | T303: 0.275456 | U303: 1.22368 | V303: 1.698816 | W303: 1.308672 | X303: 1.324032 | Y303: 1.60768

Sheet Full
A1: Benchmark_full: same layout + materials on the raymarched objects, 3 textured raster meshes, sun + 2 point lights
A2: Run Benchmark_full_20261028-122436 (engine commit ee6ca7a), 1280x720, NVIDIA GeForce RTX 4070 Laptop GPU, 120 warmup + 300 measured frames per view, 10 bakes per version
A5: Version | B5: Technique | C5: Source commit | D5: Raymarch view 0 (ms) | E5: Raymarch view 1 (ms) | F5: Raymarch view 2 (ms) | G5: Raymarch avg (ms) | H5: Speedup vs v0-direct | I5: Bake (ms) | J5: VRAM after bake (MiB) | K5: VRAM while rendering (MiB)
A6: v0-direct | B6: No cache: evaluates every primitive per pixel per step | C6: 0bdbf15 | D6: =IFERROR(INDEX('Raw Data'!$H:$H,MATCH("Benchmark_full | "&$A6&" | Raymarch @pose0 (ms)",'Raw Data'!$A:$A,0)),"") -> 2.783594 | E6: =IFERROR(INDEX('Raw Data'!$H:$H,MATCH("Benchmark_full | "&$A6&" | Raymarch @pose1 (ms)",'Raw Data'!$A:$A,0)),"") -> 2.699291 | F6: =IFERROR(INDEX('Raw Data'!$H:$H,MATCH("Benchmark_full | "&$A6&" | Raymarch @pose2 (ms)",'Raw Data'!$A:$A,0)),"") -> 3.825807 | G6: =IF(COUNT(D6:F6)=0,"",AVERAGE(D6:F6)) -> 3.1028973 | H6: =IFERROR($G$6/G6,"") -> 1 | I6: =IFERROR(INDEX('Raw Data'!$H:$H,MATCH("Benchmark_full | "&$A6&" | Bake (ms)",'Raw Data'!$A:$A,0)),"") | J6: =IFERROR(INDEX('Raw Data'!$H:$H,MATCH("Benchmark_full | "&$A6&" | VRAM after bake delta (MiB)",'Raw Data'!$A:$A,0)),"") | K6: =IFERROR(INDEX('Raw Data'!$H:$H,MATCH("Benchmark_full | "&$A6&" | VRAM during render delta (MiB)",'Raw Data'!$A:$A,0)),"") -> 0.125
A7: v1-dense-raster | B7: Dense 3D texture baked slice by slice in a fragment shader | C7: 20aca78 | D7: =IFERROR(INDEX('Raw Data'!$H:$H,MATCH("Benchmark_full | "&$A7&" | Raymarch @pose0 (ms)",'Raw Data'!$A:$A,0)),"") -> 0.318696 | E7: =IFERROR(INDEX('Raw Data'!$H:$H,MATCH("Benchmark_full | "&$A7&" | Raymarch @pose1 (ms)",'Raw Data'!$A:$A,0)),"") -> 0.302705 | F7: =IFERROR(INDEX('Raw Data'!$H:$H,MATCH("Benchmark_full | "&$A7&" | Raymarch @pose2 (ms)",'Raw Data'!$A:$A,0)),"") -> 0.380198 | G7: =IF(COUNT(D7:F7)=0,"",AVERAGE(D7:F7)) -> 0.33386633 | H7: =IFERROR($G$6/G7,"") -> 9.2938312 | I7: =IFERROR(INDEX('Raw Data'!$H:$H,MATCH("Benchmark_full | "&$A7&" | Bake (ms)",'Raw Data'!$A:$A,0)),"") -> 16.473395 | J7: =IFERROR(INDEX('Raw Data'!$H:$H,MATCH("Benchmark_full | "&$A7&" | VRAM after bake delta (MiB)",'Raw Data'!$A:$A,0)),"") -> 258 | K7: =IFERROR(INDEX('Raw Data'!$H:$H,MATCH("Benchmark_full | "&$A7&" | VRAM during render delta (MiB)",'Raw Data'!$A:$A,0)),"") -> 258
A8: v2-dense-jfa | B8: Dense 3D texture baked with jump flooding in compute shaders | C8: ef5bc68 | D8: =IFERROR(INDEX('Raw Data'!$H:$H,MATCH("Benchmark_full | "&$A8&" | Raymarch @pose0 (ms)",'Raw Data'!$A:$A,0)),"") -> 0.24619 | E8: =IFERROR(INDEX('Raw Data'!$H:$H,MATCH("Benchmark_full | "&$A8&" | Raymarch @pose1 (ms)",'Raw Data'!$A:$A,0)),"") -> 0.253003 | F8: =IFERROR(INDEX('Raw Data'!$H:$H,MATCH("Benchmark_full | "&$A8&" | Raymarch @pose2 (ms)",'Raw Data'!$A:$A,0)),"") -> 0.316529 | G8: =IF(COUNT(D8:F8)=0,"",AVERAGE(D8:F8)) -> 0.27190733 | H8: =IFERROR($G$6/G8,"") -> 11.411599 | I8: =IFERROR(INDEX('Raw Data'!$H:$H,MATCH("Benchmark_full | "&$A8&" | Bake (ms)",'Raw Data'!$A:$A,0)),"") -> 204.9706 | J8: =IFERROR(INDEX('Raw Data'!$H:$H,MATCH("Benchmark_full | "&$A8&" | VRAM after bake delta (MiB)",'Raw Data'!$A:$A,0)),"") -> 2621.25 | K8: =IFERROR(INDEX('Raw Data'!$H:$H,MATCH("Benchmark_full | "&$A8&" | VRAM during render delta (MiB)",'Raw Data'!$A:$A,0)),"") -> 2493.25
A9: v3-sparse | B9: Sparse brick pool, sphere tracing inside bricks | C9: ea5db90 | D9: =IFERROR(INDEX('Raw Data'!$H:$H,MATCH("Benchmark_full | "&$A9&" | Raymarch @pose0 (ms)",'Raw Data'!$A:$A,0)),"") -> 1.177491 | E9: =IFERROR(INDEX('Raw Data'!$H:$H,MATCH("Benchmark_full | "&$A9&" | Raymarch @pose1 (ms)",'Raw Data'!$A:$A,0)),"") -> 1.434218 | F9: =IFERROR(INDEX('Raw Data'!$H:$H,MATCH("Benchmark_full | "&$A9&" | Raymarch @pose2 (ms)",'Raw Data'!$A:$A,0)),"") -> 1.420609 | G9: =IF(COUNT(D9:F9)=0,"",AVERAGE(D9:F9)) -> 1.344106 | H9: =IFERROR($G$6/G9,"") -> 2.3085213 | I9: =IFERROR(INDEX('Raw Data'!$H:$H,MATCH("Benchmark_full | "&$A9&" | Bake (ms)",'Raw Data'!$A:$A,0)),"") -> 278.90534 | J9: =IFERROR(INDEX('Raw Data'!$H:$H,MATCH("Benchmark_full | "&$A9&" | VRAM after bake delta (MiB)",'Raw Data'!$A:$A,0)),"") -> 226.1875 | K9: =IFERROR(INDEX('Raw Data'!$H:$H,MATCH("Benchmark_full | "&$A9&" | VRAM during render delta (MiB)",'Raw Data'!$A:$A,0)),"") -> 98.1875
A10: v4-analytic | B10: Sparse brick pool, analytic cubic intersection per voxel cell | C10: db80f3d | D10: =IFERROR(INDEX('Raw Data'!$H:$H,MATCH("Benchmark_full | "&$A10&" | Raymarch @pose0 (ms)",'Raw Data'!$A:$A,0)),"") -> 1.425316 | E10: =IFERROR(INDEX('Raw Data'!$H:$H,MATCH("Benchmark_full | "&$A10&" | Raymarch @pose1 (ms)",'Raw Data'!$A:$A,0)),"") -> 1.511656 | F10: =IFERROR(INDEX('Raw Data'!$H:$H,MATCH("Benchmark_full | "&$A10&" | Raymarch @pose2 (ms)",'Raw Data'!$A:$A,0)),"") -> 1.955488 | G10: =IF(COUNT(D10:F10)=0,"",AVERAGE(D10:F10)) -> 1.63082 | H10: =IFERROR($G$6/G10,"") -> 1.9026608 | I10: =IFERROR(INDEX('Raw Data'!$H:$H,MATCH("Benchmark_full | "&$A10&" | Bake (ms)",'Raw Data'!$A:$A,0)),"") -> 272.77885 | J10: =IFERROR(INDEX('Raw Data'!$H:$H,MATCH("Benchmark_full | "&$A10&" | VRAM after bake delta (MiB)",'Raw Data'!$A:$A,0)),"") -> 211.5625 | K10: =IFERROR(INDEX('Raw Data'!$H:$H,MATCH("Benchmark_full | "&$A10&" | VRAM during render delta (MiB)",'Raw Data'!$A:$A,0)),"") -> 68.5625
A11: v5-sparse-color | B11: v3-sparse plus a primitive-id color lookup in the brick pool | C11: 8b11928 | D11: =IFERROR(INDEX('Raw Data'!$H:$H,MATCH("Benchmark_full | "&$A11&" | Raymarch @pose0 (ms)",'Raw Data'!$A:$A,0)),"") -> 1.266623 | E11: =IFERROR(INDEX('Raw Data'!$H:$H,MATCH("Benchmark_full | "&$A11&" | Raymarch @pose1 (ms)",'Raw Data'!$A:$A,0)),"") -> 1.457374 | F11: =IFERROR(INDEX('Raw Data'!$H:$H,MATCH("Benchmark_full | "&$A11&" | Raymarch @pose2 (ms)",'Raw Data'!$A:$A,0)),"") -> 1.446318 | G11: =IF(COUNT(D11:F11)=0,"",AVERAGE(D11:F11)) -> 1.390105 | H11: =IFERROR($G$6/G11,"") -> 2.2321316 | I11: =IFERROR(INDEX('Raw Data'!$H:$H,MATCH("Benchmark_full | "&$A11&" | Bake (ms)",'Raw Data'!$A:$A,0)),"") -> 281.85477 | J11: =IFERROR(INDEX('Raw Data'!$H:$H,MATCH("Benchmark_full | "&$A11&" | VRAM after bake delta (MiB)",'Raw Data'!$A:$A,0)),"") -> 387.125 | K11: =IFERROR(INDEX('Raw Data'!$H:$H,MATCH("Benchmark_full | "&$A11&" | VRAM during render delta (MiB)",'Raw Data'!$A:$A,0)),"") -> 131.125
A12: v6-dynamic-sparse | B12: Chunked sparse bake with per-frame dynamic re-baking of changed primitives | C12: 3ad342e | D12: =IFERROR(INDEX('Raw Data'!$H:$H,MATCH("Benchmark_full | "&$A12&" | Raymarch @pose0 (ms)",'Raw Data'!$A:$A,0)),"") -> 1.275535 | E12: =IFERROR(INDEX('Raw Data'!$H:$H,MATCH("Benchmark_full | "&$A12&" | Raymarch @pose1 (ms)",'Raw Data'!$A:$A,0)),"") -> 1.586975 | F12: =IFERROR(INDEX('Raw Data'!$H:$H,MATCH("Benchmark_full | "&$A12&" | Raymarch @pose2 (ms)",'Raw Data'!$A:$A,0)),"") -> 1.497665 | G12: =IF(COUNT(D12:F12)=0,"",AVERAGE(D12:F12)) -> 1.4533917 | H12: =IFERROR($G$6/G12,"") -> 2.1349354 | I12: =IFERROR(INDEX('Raw Data'!$H:$H,MATCH("Benchmark_full | "&$A12&" | Bake (ms)",'Raw Data'!$A:$A,0)),"") -> 63.250432 | J12: =IFERROR(INDEX('Raw Data'!$H:$H,MATCH("Benchmark_full | "&$A12&" | VRAM after bake delta (MiB)",'Raw Data'!$A:$A,0)),"") -> 354.1875 | K12: =IFERROR(INDEX('Raw Data'!$H:$H,MATCH("Benchmark_full | "&$A12&" | VRAM during render delta (MiB)",'Raw Data'!$A:$A,0)),"") -> 257.90234
A13: v7-materials | B13: v6 plus per-primitive materials (textures, surface shaders) lit by the scene's lights (current) | C13: current | D13: =IFERROR(INDEX('Raw Data'!$H:$H,MATCH("Benchmark_full | "&$A13&" | Raymarch @pose0 (ms)",'Raw Data'!$A:$A,0)),"") -> 1.593876 | E13: =IFERROR(INDEX('Raw Data'!$H:$H,MATCH("Benchmark_full | "&$A13&" | Raymarch @pose1 (ms)",'Raw Data'!$A:$A,0)),"") -> 1.918645 | F13: =IFERROR(INDEX('Raw Data'!$H:$H,MATCH("Benchmark_full | "&$A13&" | Raymarch @pose2 (ms)",'Raw Data'!$A:$A,0)),"") -> 1.917433 | G13: =IF(COUNT(D13:F13)=0,"",AVERAGE(D13:F13)) -> 1.8099847 | H13: =IFERROR($G$6/G13,"") -> 1.7143224 | I13: =IFERROR(INDEX('Raw Data'!$H:$H,MATCH("Benchmark_full | "&$A13&" | Bake (ms)",'Raw Data'!$A:$A,0)),"") -> 78.933914 | J13: =IFERROR(INDEX('Raw Data'!$H:$H,MATCH("Benchmark_full | "&$A13&" | VRAM after bake delta (MiB)",'Raw Data'!$A:$A,0)),"") -> 950.3125 | K13: =IFERROR(INDEX('Raw Data'!$H:$H,MATCH("Benchmark_full | "&$A13&" | VRAM during render delta (MiB)",'Raw Data'!$A:$A,0)),"") -> 946.3125

Sheet Full frames
A1: Benchmark_full: GPU time of the raymarch pass per measured frame (ms)
A3: Frame | B3: v0-direct view 0 | C3: v1-dense-raster view 0 | D3: v2-dense-jfa view 0 | E3: v3-sparse view 0 | F3: v4-analytic view 0 | G3: v5-sparse-color view 0 | H3: v6-dynamic-sparse view 0 | I3: v7-materials view 0 | J3: v0-direct view 1 | K3: v1-dense-raster view 1 | L3: v2-dense-jfa view 1 | M3: v3-sparse view 1 | N3: v4-analytic view 1 | O3: v5-sparse-color view 1 | P3: v6-dynamic-sparse view 1 | Q3: v7-materials view 1 | R3: v0-direct view 2 | S3: v1-dense-raster view 2 | T3: v2-dense-jfa view 2 | U3: v3-sparse view 2 | V3: v4-analytic view 2 | W3: v5-sparse-color view 2 | X3: v6-dynamic-sparse view 2 | Y3: v7-materials view 2
A4: 1 | B4: 2.336768 | C4: 0.270336 | D4: 0.207872 | E4: 1.016832 | F4: 1.278976 | G4: 2.86208 | H4: 1.084416 | I4: 3.122176 | J4: 2.40128 | K4: 0.273408 | L4: 0.242688 | M4: 1.235968 | N4: 1.298432 | O4: 3.086336 | P4: 3.062784 | Q4: 1.655808 | R4: 3.422208 | S4: 0.321536 | T4: 0.277504 | U4: 1.238016 | V4: 1.671168 | W4: 1.63328 | X4: 1.313792 | Y4: 1.665024
A5: 2 | B5: 4.38272 | C5: 0.284672 | D5: 0.211968 | E5: 1.016832 | F5: 1.272832 | G5: 1.083392 | H5: 1.086464 | I5: 1.408 | J5: 2.338816 | K5: 0.268288 | L5: 0.223232 | M5: 1.93536 | N5: 1.3568 | O5: 1.317888 | P5: 1.31584 | Q5: 1.660928 | R5: 3.318784 | S5: 0.316416 | T5: 0.273408 | U5: 1.2288 | V5: 1.660928 | W5: 1.308672 | X5: 1.301504 | Y5: 1.668096
A6: 3 | B6: 2.491392 | C6: 0.262144 | D6: 0.211968 | E6: 1.017856 | F6: 1.288192 | G6: 1.084416 | H6: 1.087488 | I6: 1.815552 | J6: 2.409472 | K6: 0.265216 | L6: 0.22016 | M6: 1.241088 | N6: 1.282048 | O6: 1.312768 | P6: 1.793024 | Q6: 2.039808 | R6: 5.1968 | S6: 0.323584 | T6: 0.275456 | U6: 1.235968 | V6: 1.662976 | W6: 1.302528 | X6: 1.308672 | Y6: 3.47136
A7: 4 | B7: 3.121152 | C7: 0.268288 | D7: 0.625664 | E7: 1.01888 | F7: 1.262592 | G7: 1.082368 | H7: 1.088512 | I7: 1.400832 | J7: 2.944 | K7: 0.280576 | L7: 0.228352 | M7: 1.242112 | N7: 1.317888 | O7: 1.307648 | P7: 1.313792 | Q7: 1.65888 | R7: 3.323904 | S7: 0.32256 | T7: 2.01216 | U7: 1.226752 | V7: 1.667072 | W7: 1.304576 | X7: 1.311744 | Y7: 1.675264
A8: 5 | B8: 2.362368 | C8: 0.268288 | D8: 0.221184 | E8: 1.014784 | F8: 1.255424 | G8: 1.086464 | H8: 1.083392 | I8: 1.403904 | J8: 2.45248 | K8: 0.272384 | L8: 0.231424 | M8: 1.245184 | N8: 1.281024 | O8: 1.313792 | P8: 1.312768 | Q8: 1.661952 | R8: 3.347456 | S8: 0.31744 | T8: 0.295936 | U8: 1.23392 | V8: 1.727488 | W8: 1.307648 | X8: 1.31072 | Y8: 2.014208
A9: 6 | B9: 2.910208 | C9: 0.267264 | D9: 0.239616 | E9: 1.015808 | F9: 1.260544 | G9: 1.08032 | H9: 1.084416 | I9: 1.39776 | J9: 2.52928 | K9: 0.288768 | L9: 0.223232 | M9: 1.24416 | N9: 1.29536 | O9: 1.307648 | P9: 1.317888 | Q9: 1.659904 | R9: 5.057536 | S9: 0.316416 | T9: 0.265216 | U9: 1.23904 | V9: 1.670144 | W9: 1.321984 | X9: 1.659904 | Y9: 1.65376
A10: 7 | B10: 2.427904 | C10: 0.293888 | D10: 0.218112 | E10: 2.854912 | F10: 1.256448 | G10: 1.079296 | H10: 2.765824 | I10: 1.399808 | J10: 2.386944 | K10: 0.275456 | L10: 0.22528 | M10: 1.243136 | N10: 1.3056 | O10: 1.309696 | P10: 1.31072 | Q10: 1.666048 | R10: 3.465216 | S10: 0.31232 | T10: 0.26624 | U10: 1.231872 | V10: 3.407872 | W10: 1.297408 | X10: 1.319936 | Y10: 1.656832
A11: 8 | B11: 2.393088 | C11: 0.262144 | D11: 0.212992 | E11: 1.015808 | F11: 1.265664 | G11: 1.081344 | H11: 1.086464 | I11: 1.401856 | J11: 4.250624 | K11: 0.27136 | L11: 0.222208 | M11: 1.240064 | N11: 1.308672 | O11: 1.313792 | P11: 3.136512 | Q11: 1.65888 | R11: 3.340288 | S11: 0.31744 | T11: 0.277504 | U11: 1.235968 | V11: 1.641472 | W11: 1.303552 | X11: 1.308672 | Y11: 1.65376
A12: 9 | B12: 2.532352 | C12: 0.262144 | D12: 0.20992 | E12: 1.019904 | F12: 1.277952 | G12: 1.082368 | H12: 1.509376 | I12: 1.410048 | J12: 2.434048 | K12: 0.29696 | L12: 0.229376 | M12: 1.241088 | N12: 1.298432 | O12: 1.309696 | P12: 1.314816 | Q12: 3.622912 | R12: 5.108736 | S12: 0.328704 | T12: 0.26624 | U12: 3.037184 | V12: 2.26304 | W12: 1.306624 | X12: 1.307648 | Y12: 1.655808
A13: 10 | B13: 2.369536 | C13: 0.259072 | D13: 0.212992 | E13: 1.017856 | F13: 1.250304 | G13: 3.006464 | H13: 1.086464 | I13: 1.411072 | J13: 2.587648 | K13: 0.285696 | L13: 0.226304 | M13: 1.23904 | N13: 1.297408 | O13: 1.312768 | P13: 1.739776 | Q13: 1.662976 | R13: 3.31264 | S13: 0.32768 | T13: 0.27136 | U13: 1.232896 | V13: 1.672192 | W13: 1.676288 | X13: 3.22048 | Y13: 1.664
A14: 11 | B14: 4.411392 | C14: 0.258048 | D14: 0.210944 | E14: 1.016832 | F14: 1.272832 | G14: 1.086464 | H14: 1.087488 | I14: 1.404928 | J14: 2.382848 | K14: 1.043456 | L14: 0.259072 | M14: 3.019776 | N14: 1.318912 | O14: 1.309696 | P14: 1.312768 | Q14: 2.198528 | R14: 3.245056 | S14: 0.320512 | T14: 0.280576 | U14: 1.594368 | V14: 1.666048 | W14: 1.312768 | X14: 1.308672 | Y14: 1.671168
A15: 12 | B15: 2.49344 | C15: 0.264192 | D15: 0.214016 | E15: 1.017856 | F15: 1.291264 | G15: 1.540096 | H15: 1.083392 | I15: 1.939456 | J15: 2.265088 | K15: 0.279552 | L15: 0.2304 | M15: 1.246208 | N15: 1.298432 | O15: 1.314816 | P15: 1.309696 | Q15: 1.660928 | R15: 5.17632 | S15: 0.31744 | T15: 0.284672 | U15: 1.234944 | V15: 3.427328 | W15: 1.304576 | X15: 1.732608 | Y15: 1.677312
... A303: 300 | B303: 2.47808 | C303: 0.264192 | D303: 0.232448 | E303: 1.020928 | F303: 1.26976 | G303: 1.083392 | H303: 1.542144 | I303: 1.401856 | J303: 2.464768 | K303: 0.269312 | L303: 0.23552 | M303: 1.243136 | N303: 1.36704 | O303: 1.309696 | P303: 1.718272 | Q303: 1.659904 | R303: 3.46112 | S303: 0.314368 | T303: 0.265216 | U303: 1.230848 | V303: 1.701888 | W303: 1.808384 | X303: 1.313792 | Y303: 3.406848

Sheet Terrain
A1: Terrain_test: terrain primitive plus a few primitives (v0/v1 have no terrain)
A2: Run Terrain_test_20261028-122513 (engine commit ee6ca7a), 1280x720, NVIDIA GeForce RTX 4070 Laptop GPU, 120 warmup + 300 measured frames per view, 10 bakes per version
A5: Version | B5: Technique | C5: Source commit | D5: Raymarch view 0 (ms) | E5: Raymarch avg (ms) | F5: Speedup vs v2-dense-jfa | G5: Bake (ms) | H5: VRAM after bake (MiB) | I5: VRAM while rendering (MiB)
A6: v0-direct | B6: No cache: evaluates every primitive per pixel per step [skipped: scene contains terrain, which this version does not support] | C6: 0bdbf15 | D6: =IFERROR(INDEX('Raw Data'!$H:$H,MATCH("Terrain_test | "&$A6&" | Raymarch @pose0 (ms)",'Raw Data'!$A:$A,0)),"") | E6: =IF(COUNT(D6:D6)=0,"",AVERAGE(D6:D6)) | F6: =IFERROR($E$8/E6,"") | G6: =IFERROR(INDEX('Raw Data'!$H:$H,MATCH("Terrain_test | "&$A6&" | Bake (ms)",'Raw Data'!$A:$A,0)),"") | H6: =IFERROR(INDEX('Raw Data'!$H:$H,MATCH("Terrain_test | "&$A6&" | VRAM after bake delta (MiB)",'Raw Data'!$A:$A,0)),"") | I6: =IFERROR(INDEX('Raw Data'!$H:$H,MATCH("Terrain_test | "&$A6&" | VRAM during render delta (MiB)",'Raw Data'!$A:$A,0)),"")
A7: v1-dense-raster | B7: Dense 3D texture baked slice by slice in a fragment shader [skipped: scene contains terrain, which this version does not support] | C7: 20aca78 | D7: =IFERROR(INDEX('Raw Data'!$H:$H,MATCH("Terrain_test | "&$A7&" | Raymarch @pose0 (ms)",'Raw Data'!$A:$A,0)),"") | E7: =IF(COUNT(D7:D7)=0,"",AVERAGE(D7:D7)) | F7: =IFERROR($E$8/E7,"") | G7: =IFERROR(INDEX('Raw Data'!$H:$H,MATCH("Terrain_test | "&$A7&" | Bake (ms)",'Raw Data'!$A:$A,0)),"") | H7: =IFERROR(INDEX('Raw Data'!$H:$H,MATCH("Terrain_test | "&$A7&" | VRAM after bake delta (MiB)",'Raw Data'!$A:$A,0)),"") | I7: =IFERROR(INDEX('Raw Data'!$H:$H,MATCH("Terrain_test | "&$A7&" | VRAM during render delta (MiB)",'Raw Data'!$A:$A,0)),"")
A8: v2-dense-jfa | B8: Dense 3D texture baked with jump flooding in compute shaders | C8: ef5bc68 | D8: =IFERROR(INDEX('Raw Data'!$H:$H,MATCH("Terrain_test | "&$A8&" | Raymarch @pose0 (ms)",'Raw Data'!$A:$A,0)),"") -> 0.216163 | E8: =IF(COUNT(D8:D8)=0,"",AVERAGE(D8:D8)) -> 0.216163 | F8: =IFERROR($E$8/E8,"") -> 1 | G8: =IFERROR(INDEX('Raw Data'!$H:$H,MATCH("Terrain_test | "&$A8&" | Bake (ms)",'Raw Data'!$A:$A,0)),"") -> 229.25742 | H8: =IFERROR(INDEX('Raw Data'!$H:$H,MATCH("Terrain_test | "&$A8&" | VRAM after bake delta (MiB)",'Raw Data'!$A:$A,0)),"") -> 2605.5625 | I8: =IFERROR(INDEX('Raw Data'!$H:$H,MATCH("Terrain_test | "&$A8&" | VRAM during render delta (MiB)",'Raw Data'!$A:$A,0)),"") -> 2477.5625
A9: v3-sparse | B9: Sparse brick pool, sphere tracing inside bricks | C9: ea5db90 | D9: =IFERROR(INDEX('Raw Data'!$H:$H,MATCH("Terrain_test | "&$A9&" | Raymarch @pose0 (ms)",'Raw Data'!$A:$A,0)),"") -> 1.030407 | E9: =IF(COUNT(D9:D9)=0,"",AVERAGE(D9:D9)) -> 1.030407 | F9: =IFERROR($E$8/E9,"") -> 0.2097841 | G9: =IFERROR(INDEX('Raw Data'!$H:$H,MATCH("Terrain_test | "&$A9&" | Bake (ms)",'Raw Data'!$A:$A,0)),"") -> 295.8636 | H9: =IFERROR(INDEX('Raw Data'!$H:$H,MATCH("Terrain_test | "&$A9&" | VRAM after bake delta (MiB)",'Raw Data'!$A:$A,0)),"") -> 228.5625 | I9: =IFERROR(INDEX('Raw Data'!$H:$H,MATCH("Terrain_test | "&$A9&" | VRAM during render delta (MiB)",'Raw Data'!$A:$A,0)),"") -> 100.5625
A10: v4-analytic | B10: Sparse brick pool, analytic cubic intersection per voxel cell | C10: db80f3d | D10: =IFERROR(INDEX('Raw Data'!$H:$H,MATCH("Terrain_test | "&$A10&" | Raymarch @pose0 (ms)",'Raw Data'!$A:$A,0)),"") -> 1.655415 | E10: =IF(COUNT(D10:D10)=0,"",AVERAGE(D10:D10)) -> 1.655415 | F10: =IFERROR($E$8/E10,"") -> 0.13057934 | G10: =IFERROR(INDEX('Raw Data'!$H:$H,MATCH("Terrain_test | "&$A10&" | Bake (ms)",'Raw Data'!$A:$A,0)),"") -> 298.73838 | H10: =IFERROR(INDEX('Raw Data'!$H:$H,MATCH("Terrain_test | "&$A10&" | VRAM after bake delta (MiB)",'Raw Data'!$A:$A,0)),"") -> 211.625 | I10: =IFERROR(INDEX('Raw Data'!$H:$H,MATCH("Terrain_test | "&$A10&" | VRAM during render delta (MiB)",'Raw Data'!$A:$A,0)),"") -> 69.375
A11: v5-sparse-color | B11: v3-sparse plus a primitive-id color lookup in the brick pool | C11: 8b11928 | D11: =IFERROR(INDEX('Raw Data'!$H:$H,MATCH("Terrain_test | "&$A11&" | Raymarch @pose0 (ms)",'Raw Data'!$A:$A,0)),"") -> 1.090789 | E11: =IF(COUNT(D11:D11)=0,"",AVERAGE(D11:D11)) -> 1.090789 | F11: =IFERROR($E$8/E11,"") -> 0.19817123 | G11: =IFERROR(INDEX('Raw Data'!$H:$H,MATCH("Terrain_test | "&$A11&" | Bake (ms)",'Raw Data'!$A:$A,0)),"") -> 308.85263 | H11: =IFERROR(INDEX('Raw Data'!$H:$H,MATCH("Terrain_test | "&$A11&" | VRAM after bake delta (MiB)",'Raw Data'!$A:$A,0)),"") -> 426.48438 | I11: =IFERROR(INDEX('Raw Data'!$H:$H,MATCH("Terrain_test | "&$A11&" | VRAM during render delta (MiB)",'Raw Data'!$A:$A,0)),"") -> 156.17188
A12: v6-dynamic-sparse | B12: Chunked sparse bake with per-frame dynamic re-baking of changed primitives | C12: 3ad342e | D12: =IFERROR(INDEX('Raw Data'!$H:$H,MATCH("Terrain_test | "&$A12&" | Raymarch @pose0 (ms)",'Raw Data'!$A:$A,0)),"") -> 1.124427 | E12: =IF(COUNT(D12:D12)=0,"",AVERAGE(D12:D12)) -> 1.124427 | F12: =IFERROR($E$8/E12,"") -> 0.1922428 | G12: =IFERROR(INDEX('Raw Data'!$H:$H,MATCH("Terrain_test | "&$A12&" | Bake (ms)",'Raw Data'!$A:$A,0)),"") -> 237.11283 | H12: =IFERROR(INDEX('Raw Data'!$H:$H,MATCH("Terrain_test | "&$A12&" | VRAM after bake delta (MiB)",'Raw Data'!$A:$A,0)),"") -> 380.125 | I12: =IFERROR(INDEX('Raw Data'!$H:$H,MATCH("Terrain_test | "&$A12&" | VRAM during render delta (MiB)",'Raw Data'!$A:$A,0)),"") -> 285
A13: v7-materials | B13: v6 plus per-primitive materials (textures, surface shaders) lit by the scene's lights (current) | C13: current | D13: =IFERROR(INDEX('Raw Data'!$H:$H,MATCH("Terrain_test | "&$A13&" | Raymarch @pose0 (ms)",'Raw Data'!$A:$A,0)),"") -> 0.456817 | E13: =IF(COUNT(D13:D13)=0,"",AVERAGE(D13:D13)) -> 0.456817 | F13: =IFERROR($E$8/E13,"") -> 0.47319386 | G13: =IFERROR(INDEX('Raw Data'!$H:$H,MATCH("Terrain_test | "&$A13&" | Bake (ms)",'Raw Data'!$A:$A,0)),"") -> 308.18417 | H13: =IFERROR(INDEX('Raw Data'!$H:$H,MATCH("Terrain_test | "&$A13&" | VRAM after bake delta (MiB)",'Raw Data'!$A:$A,0)),"") -> 1619.1875 | I13: =IFERROR(INDEX('Raw Data'!$H:$H,MATCH("Terrain_test | "&$A13&" | VRAM during render delta (MiB)",'Raw Data'!$A:$A,0)),"") -> 885.875

Sheet Terrain frames
A1: Terrain_test: GPU time of the raymarch pass per measured frame (ms)
A3: Frame | B3: v2-dense-jfa view 0 | C3: v3-sparse view 0 | D3: v4-analytic view 0 | E3: v5-sparse-color view 0 | F3: v6-dynamic-sparse view 0 | G3: v7-materials view 0
A4: 1 | B4: 0.192512 | C4: 0.893952 | D4: 1.437696 | E4: 0.97792 | F4: 0.98816 | G4: 0.38912
A5: 2 | B5: 0.188416 | C5: 2.635776 | D5: 1.468416 | E5: 0.975872 | F5: 0.98304 | G5: 0.379904
A6: 3 | B6: 0.188416 | C6: 0.892928 | D6: 1.836032 | E6: 0.978944 | F6: 0.979968 | G6: 0.380928
A7: 4 | B7: 0.187392 | C7: 0.898048 | D7: 1.451008 | E7: 0.97792 | F7: 0.990208 | G7: 0.376832
A8: 5 | B8: 0.208896 | C8: 1.29024 | D8: 1.439744 | E8: 0.976896 | F8: 2.794496 | G8: 0.380928
A9: 6 | B9: 0.191488 | C9: 0.892928 | D9: 3.231744 | E9: 0.978944 | F9: 0.992256 | G9: 2.176
A10: 7 | B10: 0.205824 | C10: 0.891904 | D10: 1.467392 | E10: 0.976896 | F10: 0.995328 | G10: 0.390144
A11: 8 | B11: 0.18944 | C11: 0.892928 | D11: 2.019328 | E11: 0.984064 | F11: 0.978944 | G11: 0.376832
A12: 9 | B12: 0.19968 | C12: 0.896 | D12: 1.435648 | E12: 0.980992 | F12: 0.985088 | G12: 0.387072
A13: 10 | B13: 0.190464 | C13: 0.888832 | D13: 1.441792 | E13: 0.984064 | F13: 0.98304 | G13: 0.370688
A14: 11 | B14: 0.21504 | C14: 0.894976 | D14: 1.452032 | E14: 0.97792 | F14: 0.98304 | G14: 0.380928
A15: 12 | B15: 0.19456 | C15: 0.889856 | D15: 3.247104 | E15: 0.979968 | F15: 0.984064 | G15: 0.374784
... A303: 300 | B303: 0.18944 | C303: 0.894976 | D303: 1.762304 | E303: 0.979968 | F303: 1.596416 | G303: 0.388096

Sheet Run Settings
A1: Setting | B1: Benchmark_common_20261028-122402 | C1: Benchmark_full_20261028-122436 | D1: Terrain_test_20261028-122513
A2: Scene | B2: Benchmark_common | C2: Benchmark_full | D2: Terrain_test
A3: GPU | B3: NVIDIA GeForce RTX 4070 Laptop GPU/PCIe/SSE2 | C3: NVIDIA GeForce RTX 4070 Laptop GPU/PCIe/SSE2 | D3: NVIDIA GeForce RTX 4070 Laptop GPU/PCIe/SSE2
A4: OpenGL | B4: 4.3.0 NVIDIA 610.62 | C4: 4.3.0 NVIDIA 610.62 | D4: 4.3.0 NVIDIA 610.62
A5: Engine commit | B5: ee6ca7a | C5: ee6ca7a | D5: ee6ca7a
A6: Render size | B6: 1280 x 720 | C6: 1280 x 720 | D6: 1280 x 720
A7: Volume resolution | B7: 512 x 512 x 512 | C7: 512 x 512 x 512 | D7: 512 x 512 x 512
A8: World bounds | B8: (-30.0, -30.0, -30.0) to (30.0, 30.0, 30.0) | C8: (-30.0, -30.0, -30.0) to (30.0, 30.0, 30.0) | D8: (-30.0, -30.0, -30.0) to (30.0, 30.0, 30.0)
A9: Max steps | B9: 256 | C9: 256 | D9: 256
A10: Max distance | B10: 200 | C10: 200 | D10: 200
A11: Surface distance | B11: 0.001 | C11: 0.001 | D11: 0.001
A12: Warmup frames per view | B12: 120 | C12: 120 | D12: 120
A13: Measured frames per view | B13: 300 | C13: 300 | D13: 300
A14: Bake repeats | B14: 10 | C14: 10 | D14: 10
A15: Skipped versions | B15: none | C15: none | D15: v0-direct, v1-dense-raster
A16: Camera view 0 | B16: pos (-40.0, 20.0, 0.0), rot (-25.0, -90.0, 0.0) | C16: pos (-40.0, 20.0, 0.0), rot (-25.0, -90.0, 0.0) | D16: pos (-50.0, 30.0, 0.0), rot (-45.0, -90.0, 0.0)
A17: Camera view 1 | B17: pos (0.0, 12.0, 40.0), rot (-15.0, 0.0, 0.0) | C17: pos (0.0, 12.0, 40.0), rot (-15.0, 0.0, 0.0)
A18: Camera view 2 | B18: pos (22.0, 2.0, 22.0), rot (-8.0, 45.0, 0.0) | C18: pos (22.0, 2.0, 22.0), rot (-8.0, 45.0, 0.0)
A19: Timing | B19: GPU timestamps around the raymarch pass only (Render) and around Bake; VRAM is the GL_NVX_gpu_memory_info used-memory delta against a reading taken with no raymarcher loaded | C19: GPU timestamps around the raymarch pass only (Render) and around Bake; VRAM is the GL_NVX_gpu_memory_info used-memory delta against a reading taken with no raymarcher loaded | D19: GPU timestamps around the raymarch pass only (Render) and around Bake; VRAM is the GL_NVX_gpu_memory_info used-memory delta against a reading taken with no raymarcher loaded
